Key,Context,Example,Source
,,,Day
,,,Achievement unlocked
,,,Delivered
,,,Your progress was loaded; it applies when you return to the lobby
,,,Zombies are coming
,,,Survive the night
,,,Already at full health
,,,Bosses
,,,Continue this run
,,,Days survived
,,,"Everything the game listens to, on every device"
,,,Fire lights the night and cooks what you find. Build one when you can.
,,,Getting started
,,,Got it
,,,Nice.
,,,Night came first
,,,Reload
,,,Skip
,,,You have
,,,You survived
,,,You survived a day
,,,You're already full
,,,"Your level, skills, coins and packs stay with you.#Only this run's day counter goes back to 1."
,,,Zombies killed
,,,days
