Key,Source,Context,Example,en
Craft,Craft,,,Craft
Item,Item,,,Item
Skill,Skill,,,Skill
Placeable,Placeable,,,Placeable
Weapon,Weapon,,,Weapon
Equipment,Equipment,,,Equipment
Etc,Etc,,,Etc
Ammo,Ammo,,,Ammo
Usable,Usable,,,Usable
Survival,Survival,,,Survival
Fighting,Fighting,,,Fighting
Material,Material,,,Material
Make,Make,,,Make
Equip,Equip,,,Equip
Drop,Drop,,,Drop
Use,Use,,,Use
Cook,Cook,,,Cook
Melt,Melt,,,Melt
Learn,Learn,,,Learn
Attack,Attack,,,Attack
Defense,Defense,,,Defense
Rate of fire,Rate of fire,,,Rate of fire
Recoil,Recoil,,,Recoil
Round,Round,,,Round
Health recovery,Health recovery,,,Health recovery
Hunger recovery,Hunger recovery,,,Hunger recovery
Speed,Speed,,,Speed
Reloading,Reloading,,,Reloading
Skill point,Skill point,,,Skill point
Centipede,Centipede,,,Centipede
Rafflesia,Rafflesia,,,Rafflesia
Giant,Giant,,,Giant
Hedgehog,Hedgehog,,,Hedgehog
Game over#Continue?,Game over#Continue?,,,Game over#Continue?
Would you watch a short video#to get a bonus parcel?,Would you watch a short video#to get a bonus parcel?,,,Would you watch a short video#to get a bonus parcel?
Price,Price,,,Price
Are you sure#you want to quit?,Are you sure#you want to quit?,,,Are you sure#you want to quit?
You don't have enough money,You don't have enough money,,,You don't have enough money
Would you rate our game?,Would you rate our game?,,,Would you rate our game?
Do you want to#watch the tutorial?,Do you want to#watch the tutorial?,,,Do you want to#watch the tutorial?
Level UP,Level UP,,,Level UP
Night is coming,Night is coming,,,Night is coming
Good morning,Good morning,,,Good morning
Wave 1,Wave 1,,,Wave 1
Wave 2,Wave 2,,,Wave 2
Wave 3,Wave 3,,,Wave 3
You killed it,You killed it,,,You killed it
Dagger,Dagger,,,Dagger
Wooden stick,Wooden stick,,,Wooden stick
Axe,Axe,,,Axe
Crowbar,Crowbar,,,Crowbar
Saw,Saw,,,Saw
Chainsaw,Chainsaw,,,Chainsaw
Baseball bat,Baseball bat,,,Baseball bat
Machete,Machete,,,Machete
Golf club,Golf club,,,Golf club
Auto pistol,Auto pistol,,,Auto pistol
Pistol,Pistol,,,Pistol
Katana,Katana,,,Katana
Revolver,Revolver,,,Revolver
Semi auto rifle,Semi auto rifle,,,Semi auto rifle
AK-40,AK-40,,,AK-40
M10,M10,,,M10
Pump action shotgun,Pump action shotgun,,,Pump action shotgun
Semi auto shotgun,Semi auto shotgun,,,Semi auto shotgun
Light machine gun,Light machine gun,,,Light machine gun
Heavy machine gun,Heavy machine gun,,,Heavy machine gun
Bolt action sniper,Bolt action sniper,,,Bolt action sniper
Semi auto sniper,Semi auto sniper,,,Semi auto sniper
Bow,Bow,,,Bow
Cross bow,Cross bow,,,Cross bow
Compound bow,Compound bow,,,Compound bow
Flamethrower,Flamethrower,,,Flamethrower
Stun gun,Stun gun,,,Stun gun
Stone axe,Stone axe,,,Stone axe
Cotton clothes,Cotton clothes,,,Cotton clothes
Leather jacket,Leather jacket,,,Leather jacket
Leather armor,Leather armor,,,Leather armor
Wooden armor,Wooden armor,,,Wooden armor
Steel armor,Steel armor,,,Steel armor
Plastic armor,Plastic armor,,,Plastic armor
Night vision,Night vision,,,Night vision
Laser sight,Laser sight,,,Laser sight
Compass,Compass,,,Compass
Sundial,Sundial,,,Sundial
Watch,Watch,,,Watch
Digital Watch,Digital Watch,,,Digital Watch
Gun silencer,Gun silencer,,,Gun silencer
Flashlight,Flashlight,,,Flashlight
Robot suit,Robot suit,,,Robot suit
Torchlight,Torchlight,,,Torchlight
Raw meat,Raw meat,,,Raw meat
Cooked meat,Cooked meat,,,Cooked meat
Potato,Potato,,,Potato
Baked potato,Baked potato,,,Baked potato
Bread,Bread,,,Bread
First aid kit,First aid kit,,,First aid kit
Pain killer,Pain killer,,,Pain killer
Adrenaline,Adrenaline,,,Adrenaline
Sedative,Sedative,,,Sedative
Canned food,Canned food,,,Canned food
Frozen pizza,Frozen pizza,,,Frozen pizza
Pizza,Pizza,,,Pizza
Bandage,Bandage,,,Bandage
Frozen meal,Frozen meal,,,Frozen meal
Cooked meal,Cooked meal,,,Cooked meal
Mushroom,Mushroom,,,Mushroom
Mushroom soup,Mushroom soup,,,Mushroom soup
Apple,Apple,,,Apple
Berry,Berry,,,Berry
Craft desk,Craft desk,,,Craft desk
Pro craft desk,Pro craft desk,,,Pro craft desk
Turret,Turret,,,Turret
Turret drone,Turret drone,,,Turret drone
Lamp,Lamp,,,Lamp
Lamp drone,Lamp drone,,,Lamp drone
Battery box,Battery box,,,Battery box
Solar generator,Solar generator,,,Solar generator
Nuclear reactor,Nuclear reactor,,,Nuclear reactor
Oil generator,Oil generator,,,Oil generator
Wooden barricade,Wooden barricade,,,Wooden barricade
Wooden door,Wooden door,,,Wooden door
Steel barricade,Steel barricade,,,Steel barricade
Steel door,Steel door,,,Steel door
Campfire,Campfire,,,Campfire
Brazier,Brazier,,,Brazier
Electric turret,Electric turret,,,Electric turret
Trap,Trap,,,Trap
signal generator,signal generator,,,signal generator
Cooker,Cooker,,,Cooker
Electric furnace,Electric furnace,,,Electric furnace
Bicycle,Bicycle,,,Bicycle
Motorcycle,Motorcycle,,,Motorcycle
Wood,Wood,,,Wood
Stone,Stone,,,Stone
Piece of steel ,Piece of steel ,,,Piece of steel 
Steel,Steel,,,Steel
Piece of gold,Piece of gold,,,Piece of gold
Gold,Gold,,,Gold
Blueprint,Blueprint,,,Blueprint
Machine parts,Machine parts,,,Machine parts
Battery,Battery,,,Battery
Bulb,Bulb,,,Bulb
Gunpowder,Gunpowder,,,Gunpowder
Cloth,Cloth,,,Cloth
Computer chip,Computer chip,,,Computer chip
Voltage circuit,Voltage circuit,,,Voltage circuit
Engine,Engine,,,Engine
Drone,Drone,,,Drone
Night Craft desk,Night Craft desk,,,Night Craft desk
Night pro craft desk,Night pro craft desk,,,Night pro craft desk
Leather,Leather,,,Leather
Solar panel,Solar panel,,,Solar panel
Radioactive material,Radioactive material,,,Radioactive material
Normal ammo,Normal ammo,,,Normal ammo
Shotgun ammo,Shotgun ammo,,,Shotgun ammo
Machinegun ammo,Machinegun ammo,,,Machinegun ammo
Arrow,Arrow,,,Arrow
Oil,Oil,,,Oil
Rotten meat,Rotten meat,,,Rotten meat
GPS machine,GPS machine,,,GPS machine
Pigeon,Pigeon,,,Pigeon
White pigeon,White pigeon,,,White pigeon
Eagle,Eagle,,,Eagle
Carolina,Carolina,,,Carolina
Malamute,Malamute,,,Malamute
Doberman,Doberman,,,Doberman
Santa,Santa,,,Santa
Zombie,Zombie,,,Zombie
Cowboy,Cowboy,,,Cowboy
Golden axe,Golden axe,,,Golden axe
Golden katana,Golden katana,,,Golden katana
Small keen knife,Small keen knife,,,Small keen knife
Stick made of wood,Stick made of wood,,,Stick made of wood
Heavy fire axe,Heavy fire axe,,,Heavy fire axe
Metal bar with a curve,Metal bar with a curve,,,Metal bar with a curve
Chain with a hard toothed edge,Chain with a hard toothed edge,,,Chain with a hard toothed edge
Mechanical saw with a rotating chain,Mechanical saw with a rotating chain,,,Mechanical saw with a rotating chain
Wooden club used to hit a baseball,Wooden club used to hit a baseball,,,Wooden club used to hit a baseball
Large heavy knife,Large heavy knife,,,Large heavy knife
Metal club used to hit a golf ball,Metal club used to hit a golf ball,,,Metal club used to hit a golf ball
Semi-automatic pistol,Semi-automatic pistol,,,Semi-automatic pistol
Small non-automatic handgun,Small non-automatic handgun,,,Small non-automatic handgun
Sharp light knife,Sharp light knife,,,Sharp light knife
Powerful handgun that has six shots,Powerful handgun that has six shots,,,Powerful handgun that has six shots
Semi-automatic rifle,Semi-automatic rifle,,,Semi-automatic rifle
Powerful assault rifle,Powerful assault rifle,,,Powerful assault rifle
Accurate assault rifle,Accurate assault rifle,,,Accurate assault rifle
Pump action shotgun. One by one,Pump action shotgun. One by one,,,Pump action shotgun. One by one
Semi-automatic shotgun,Semi-automatic shotgun,,,Semi-automatic shotgun
Bolt action sniper rifle,Bolt action sniper rifle,,,Bolt action sniper rifle
Semi-automatic sniper rifle,Semi-automatic sniper rifle,,,Semi-automatic sniper rifle
Classic bow,Classic bow,,,Classic bow
Powerful horizontal bow,Powerful horizontal bow,,,Powerful horizontal bow
"Modern bow that uses a pulley system,","Modern bow that uses a pulley system,",,,"Modern bow that uses a pulley system,"
Project a stream of fire,Project a stream of fire,,,Project a stream of fire
Fire electric shock to the nearest zombie ,Fire electric shock to the nearest zombie ,,,Fire electric shock to the nearest zombie 
Heavy stone axe,Heavy stone axe,,,Heavy stone axe
Clothes made from cotton,Clothes made from cotton,,,Clothes made from cotton
Jacket made from leather,Jacket made from leather,,,Jacket made from leather
Armor made from leather,Armor made from leather,,,Armor made from leather
Armor made from wood,Armor made from wood,,,Armor made from wood
Armor made from Steel,Armor made from Steel,,,Armor made from Steel
Armor made from plastic,Armor made from plastic,,,Armor made from plastic
Device that enhance night time vision,Device that enhance night time vision,,,Device that enhance night time vision
Laser to enhance the targeting,Laser to enhance the targeting,,,Laser to enhance the targeting
Instrument that shows the direction,Instrument that shows the direction,,,Instrument that shows the direction
Instrument that shows the time by the shadow of sun,Instrument that shows the time by the shadow of sun,,,Instrument that shows the time by the shadow of sun
mechanical device for measuring time,mechanical device for measuring time,,,mechanical device for measuring time
Electrical device for measuring time,Electrical device for measuring time,,,Electrical device for measuring time
Device attached to the gun to reduce the noise,Device attached to the gun to reduce the noise,,,Device attached to the gun to reduce the noise
Battery-operated portable light,Battery-operated portable light,,,Battery-operated portable light
Wearable machine,Wearable machine,,,Wearable machine
Portable fire,Portable fire,,,Portable fire
Kind of meat,Kind of meat,,,Kind of meat
Delicious cooked meat,Delicious cooked meat,,,Delicious cooked meat
Root vegetable,Root vegetable,,,Root vegetable
Delicious baked potato,Delicious baked potato,,,Delicious baked potato
White bread Easy to eat,White bread Easy to eat,,,White bread Easy to eat
Collection of equipment for giving first aid,Collection of equipment for giving first aid,,,Collection of equipment for giving first aid
Drug used to get relief from pain,Drug used to get relief from pain,,,Drug used to get relief from pain
You will feel better after a shot,You will feel better after a shot,,,You will feel better after a shot
You will be able to aim better,You will be able to aim better,,,You will be able to aim better
I have no idea what's in it,I have no idea what's in it,,,I have no idea what's in it
You need to cook it before eating,You need to cook it before eating,,,You need to cook it before eating
Well-cooked pizza,Well-cooked pizza,,,Well-cooked pizza
Help you to stop bleeding,Help you to stop bleeding,,,Help you to stop bleeding
Ready made meal,Ready made meal,,,Ready made meal
Ready to eat,Ready to eat,,,Ready to eat
Is it toxic?,Is it toxic?,,,Is it toxic?
Warm soup makes you calm down,Warm soup makes you calm down,,,Warm soup makes you calm down
Small red apple,Small red apple,,,Small red apple
Kind of berry,Kind of berry,,,Kind of berry
Basic craft desk. In order to make items,Basic craft desk. In order to make items,,,Basic craft desk. In order to make items
Professional craft desk used to make advanced items,Professional craft desk used to make advanced items,,,Professional craft desk used to make advanced items
Automatic gun machine used to defend the point,Automatic gun machine used to defend the point,,,Automatic gun machine used to defend the point
Flying turret. It will follow and protect you,Flying turret. It will follow and protect you,,,Flying turret. It will follow and protect you
Elrectic lamp to provide light at night,Elrectic lamp to provide light at night,,,Elrectic lamp to provide light at night
Flying lamp. It will follow you and provide powerful light,Flying lamp. It will follow you and provide powerful light,,,Flying lamp. It will follow you and provide powerful light
Cells used to power electrical devices,Cells used to power electrical devices,,,Cells used to power electrical devices
Generating electricity by solar panels,Generating electricity by solar panels,,,Generating electricity by solar panels
Device used to control a nuclear reaction. Permanent generator,Device used to control a nuclear reaction. Permanent generator,,,Device used to control a nuclear reaction. Permanent generator
Generator used to make electricity by using oil,Generator used to make electricity by using oil,,,Generator used to make electricity by using oil
Wooden wall used to block the way,Wooden wall used to block the way,,,Wooden wall used to block the way
Wooden door only for you. Zombies can't go through,Wooden door only for you. Zombies can't go through,,,Wooden door only for you. Zombies can't go through
Steel wall used to block the way,Steel wall used to block the way,,,Steel wall used to block the way
Steel door only for you. Zombies can't go through,Steel door only for you. Zombies can't go through,,,Steel door only for you. Zombies can't go through
Fire that provides light and heat for cooking,Fire that provides light and heat for cooking,,,Fire that provides light and heat for cooking
Fire that provides light and heat for smelting,Fire that provides light and heat for smelting,,,Fire that provides light and heat for smelting
Turret that uses electric shock to defend the point,Turret that uses electric shock to defend the point,,,Turret that uses electric shock to defend the point
Trap makes zombies slow down,Trap makes zombies slow down,,,Trap makes zombies slow down
Machine that generate GPS signal for you to find home,Machine that generate GPS signal for you to find home,,,Machine that generate GPS signal for you to find home
Electric cooker that provides heat for cooking,Electric cooker that provides heat for cooking,,,Electric cooker that provides heat for cooking
Electric machine that provides heat for smelting,Electric machine that provides heat for smelting,,,Electric machine that provides heat for smelting
Handmade bicycle. Better than walking,Handmade bicycle. Better than walking,,,Handmade bicycle. Better than walking
"Powered by a motor, using oil","Powered by a motor, using oil",,,"Powered by a motor, using oil"
Wood. Basic material,Wood. Basic material,,,Wood. Basic material
Stone. Basic material,Stone. Basic material,,,Stone. Basic material
Small piece that can be used to make steel,Small piece that can be used to make steel,,,Small piece that can be used to make steel
Strong metal,Strong metal,,,Strong metal
Small piece that can be used to make gold,Small piece that can be used to make gold,,,Small piece that can be used to make gold
Shiny yellow metal,Shiny yellow metal,,,Shiny yellow metal
Technical drawing,Technical drawing,,,Technical drawing
Parts of machine,Parts of machine,,,Parts of machine
Cell that can keep electricity,Cell that can keep electricity,,,Cell that can keep electricity
Glass bulb inserted into a lamp or a socket,Glass bulb inserted into a lamp or a socket,,,Glass bulb inserted into a lamp or a socket
Explosive powder of mixture,Explosive powder of mixture,,,Explosive powder of mixture
Fabric made from cotton,Fabric made from cotton,,,Fabric made from cotton
Electronic device for processing data,Electronic device for processing data,,,Electronic device for processing data
Circuit for making extremely high voltage,Circuit for making extremely high voltage,,,Circuit for making extremely high voltage
Machine that converts power into motion,Machine that converts power into motion,,,Machine that converts power into motion
Flying robot,Flying robot,,,Flying robot
Can make items at night,Can make items at night,,,Can make items at night
Can make advanced items at night,Can make advanced items at night,,,Can make advanced items at night
Material made from the skin of an animal,Material made from the skin of an animal,,,Material made from the skin of an animal
Panel used to absorb the sunlight and generate electricity,Panel used to absorb the sunlight and generate electricity,,,Panel used to absorb the sunlight and generate electricity
Material that has radioactive energy,Material that has radioactive energy,,,Material that has radioactive energy
Ammo for rifle and pistol,Ammo for rifle and pistol,,,Ammo for rifle and pistol
Ammo for shotgun,Ammo for shotgun,,,Ammo for shotgun
Ammo for machinegun,Ammo for machinegun,,,Ammo for machinegun
Arrow for bow,Arrow for bow,,,Arrow for bow
Liquid for use as a fuel,Liquid for use as a fuel,,,Liquid for use as a fuel
Stinky rotten meat,Stinky rotten meat,,,Stinky rotten meat
Device to find geographic position,Device to find geographic position,,,Device to find geographic position
Pigeon to collect items,Pigeon to collect items,,,Pigeon to collect items
White pigeon to collect items,White pigeon to collect items,,,White pigeon to collect items
Eagle to attack zombies,Eagle to attack zombies,,,Eagle to attack zombies
Dog to collect items and attack zombies,Dog to collect items and attack zombies,,,Dog to collect items and attack zombies
Santa costume,Santa costume,,,Santa costume
Zombie costume,Zombie costume,,,Zombie costume
Cowboy costume,Cowboy costume,,,Cowboy costume
Shining golden axe,Shining golden axe,,,Shining golden axe
Shining golden katana,Shining golden katana,,,Shining golden katana
Health,Health,,,Health
Recovery,Recovery,,,Recovery
Knockback,Knockback,,,Knockback
Melee damage,Melee damage,,,Melee damage
Quick reload,Quick reload,,,Quick reload
Shooting skill,Shooting skill,,,Shooting skill
Robin Hood,Robin Hood,,,Robin Hood
Trot,Trot,,,Trot
Patience,Patience,,,Patience
Pickpocket,Pickpocket,,,Pickpocket
Theif,Theif,,,Theif
Chef,Chef,,,Chef
Dwarf,Dwarf,,,Dwarf
Robotics,Robotics,,,Robotics
Engineering,Engineering,,,Engineering
Cat,Cat,,,Cat
Nocturnal,Nocturnal,,,Nocturnal
Repairman,Repairman,,,Repairman
Move shooting,Move shooting,,,Move shooting
Head shooter,Head shooter,,,Head shooter
Poison immunity,Poison immunity,,,Poison immunity
Health increases,Health increases,,,Health increases
Recovery increases,Recovery increases,,,Recovery increases
Knockback increases,Knockback increases,,,Knockback increases
Melee damage increases,Melee damage increases,,,Melee damage increases
Roload becomes faster,Roload becomes faster,,,Roload becomes faster
Accuracy improves,Accuracy improves,,,Accuracy improves
Bow accuracy improves,Bow accuracy improves,,,Bow accuracy improves
Speed increases,Speed increases,,,Speed increases
Hungry decreases,Hungry decreases,,,Hungry decreases
Zombies drop more items,Zombies drop more items,,,Zombies drop more items
Find more items,Find more items,,,Find more items
A chance to get more foods,A chance to get more foods,,,A chance to get more foods
A chance to get more metal,A chance to get more metal,,,A chance to get more metal
Turret reinforced,Turret reinforced,,,Turret reinforced
Generator reinforced,Generator reinforced,,,Generator reinforced
Footsteps sound decreases,Footsteps sound decreases,,,Footsteps sound decreases
Night vision increases,Night vision increases,,,Night vision increases
Repair speed increases,Repair speed increases,,,Repair speed increases
Accuracy improves with moving,Accuracy improves with moving,,,Accuracy improves with moving
Able to shot heads,Able to shot heads,,,Able to shot heads
Get less damage from poison,Get less damage from poison,,,Get less damage from poison
Starter pack,Starter pack,,,Starter pack
Food aid,Food aid,,,Food aid
Emergency kit,Emergency kit,,,Emergency kit
Basic craft kit,Basic craft kit,,,Basic craft kit
Pro craft kit,Pro craft kit,,,Pro craft kit
Electric craft kit,Electric craft kit,,,Electric craft kit
Ammo craft kit,Ammo craft kit,,,Ammo craft kit
Pigeon the bird,Pigeon the bird,,,Pigeon the bird
Carolina the dog,Carolina the dog,,,Carolina the dog
5 coins,5 coins,,,5 coins
100 coins,100 coins,,,100 coins
300 + 30 coins,300 + 30 coins,,,300 + 30 coins
600 + 100 coins,600 + 100 coins,,,600 + 100 coins
1000 + 300 coins,1000 + 300 coins,,,1000 + 300 coins
Watch ads,Watch ads,,,Watch ads
Wait for ads,Wait for ads,,,Wait for ads
Cotton clothes X 1#Axe X 1#Flashlight X 1,Cotton clothes X 1#Axe X 1#Flashlight X 1,,,Cotton clothes X 1#Axe X 1#Flashlight X 1
Cooked meat X 3#Pizza X 3#Cooked meal X 3,Cooked meat X 3#Pizza X 3#Cooked meal X 3,,,Cooked meat X 3#Pizza X 3#Cooked meal X 3
First aid kit X 2#Bandage X 3#Adrenaline X 2,First aid kit X 2#Bandage X 3#Adrenaline X 2,,,First aid kit X 2#Bandage X 3#Adrenaline X 2
Wood X 20#Cloth X 10#Stone X 20,Wood X 20#Cloth X 10#Stone X 20,,,Wood X 20#Cloth X 10#Stone X 20
Blueprint X 5#Steel X 20#Machine parts X 10,Blueprint X 5#Steel X 20#Machine parts X 10,,,Blueprint X 5#Steel X 20#Machine parts X 10
Battery X 5#Computer chip X 2#Bulb X 2,Battery X 5#Computer chip X 2#Bulb X 2,,,Battery X 5#Computer chip X 2#Bulb X 2
Steel X 10#Gunpowder X 10,Steel X 10#Gunpowder X 10,,,Steel X 10#Gunpowder X 10
Pigeon the bird X 1,Pigeon the bird X 1,,,Pigeon the bird X 1
Carolina the dog X 1,Carolina the dog X 1,,,Carolina the dog X 1
Please try again,Please try again,,,Please try again
You can't use that now,You can't use that now,,,You can't use that now
First steps,First steps,,,First steps
Thomas Edison,Thomas Edison,,,Thomas Edison
Melee weapons expert,Melee weapons expert,,,Melee weapons expert
Bow expert,Bow expert,,,Bow expert
Collector,Collector,,,Collector
Blacksmith,Blacksmith,,,Blacksmith
Sniper,Sniper,,,Sniper
Centipede slayer,Centipede slayer,,,Centipede slayer
Rafflesia slayer,Rafflesia slayer,,,Rafflesia slayer
Giant slayer,Giant slayer,,,Giant slayer
Hedgehog slayer,Hedgehog slayer,,,Hedgehog slayer
Zombie slayer,Zombie slayer,,,Zombie slayer
Special zombie slayer,Special zombie slayer,,,Special zombie slayer
Woods collector,Woods collector,,,Woods collector
Good day,Good day,,,Good day
Rider,Rider,,,Rider
Never die,Never die,,,Never die
Ninja,Ninja,,,Ninja
Play,Play,,,Play
Continue,Continue,,,Continue
New game,New game,,,New game
Shop,Shop,,,Shop
Settings,Settings,,,Settings
Achievements,Achievements,,,Achievements
Records,Records,,,Records
How to play,How to play,,,How to play
Credits,Credits,,,Credits
Survivor,Survivor,,,Survivor
Current day,Current day,,,Current day
Best day,Best day,,,Best day
Level,Level,,,Level
Bosses defeated,Bosses defeated,,,Bosses defeated
Loadout,Loadout,,,Loadout
Clothes,Clothes,,,Clothes
Hand,Hand,,,Hand
Gun,Gun,,,Gun
Deco,Deco,,,Deco
Zombie survival,Zombie survival,,,Zombie survival
Loading your progress...,Loading your progress...,,,Loading your progress...
Packs & costumes,Packs & costumes,,,Packs & costumes
Personal bests,Personal bests,,,Personal bests
Back,Back,,,Back
Close,Close,,,Close
Buy,Buy,,,Buy
Owned,Owned,,,Owned
Unlock,Unlock,,,Unlock
Packs,Packs,,,Packs
Costumes,Costumes,,,Costumes
Earn coins,Earn coins,,,Earn coins
Delivered when your next game starts,Delivered when your next game starts,,,Delivered when your next game starts
Progress not loaded,Progress not loaded,,,Progress not loaded
"Your progress could not be loaded.#Nothing will be overwritten: retry,#or play without saving.","Your progress could not be loaded.#Nothing will be overwritten: retry,#or play without saving.",,,"Your progress could not be loaded.#Nothing will be overwritten: retry,#or play without saving."
Retry,Retry,,,Retry
Play without saving,Play without saving,,,Play without saving
Saving is unavailable in this environment,Saving is unavailable in this environment,,,Saving is unavailable in this environment
Progress saved,Progress saved,,,Progress saved
Saving...,Saving...,,,Saving...
Could not save,Could not save,,,Could not save
"Welcome, survivor! Here are 20 coins to start","Welcome, survivor! Here are 20 coins to start",,,"Welcome, survivor! Here are 20 coins to start"
Resume,Resume,,,Resume
Save,Save,,,Save
Home,Home,,,Home
Paused,Paused,,,Paused
Game over,Game over,,,Game over
Rebirth,Rebirth,,,Rebirth
Survival days,Survival days,,,Survival days
Continue price,Continue price,,,Continue price
Your run is over,Your run is over,,,Your run is over
"Rebirth to continue this run, or start a new game from day 1.#Level, skills, coins and packs are kept.","Rebirth to continue this run, or start a new game from day 1.#Level, skills, coins and packs are kept.",,,"Rebirth to continue this run, or start a new game from day 1.#Level, skills, coins and packs are kept."
Purchased,Purchased,,,Purchased
Unlocked,Unlocked,,,Unlocked
Not enough coins,Not enough coins,,,Not enough coins
Too many packs waiting,Too many packs waiting,,,Too many packs waiting
Already owned,Already owned,,,Already owned
Please wait a moment,Please wait a moment,,,Please wait a moment
"Connection problem, try again","Connection problem, try again",,,"Connection problem, try again"
Still loading your progress,Still loading your progress,,,Still loading your progress
Coins are earned by playing,Coins are earned by playing,,,Coins are earned by playing
Day survived,Day survived,,,Day survived
Record day (every 5 days),Record day (every 5 days),,,Record day (every 5 days)
Boss defeated,Boss defeated,,,Boss defeated
Welcome gift,Welcome gift,,,Welcome gift
No ammo,No ammo,,,No ammo
Melee,Melee,,,Melee
Night,Night,,,Night
Morning,Morning,,,Morning
Afternoon,Afternoon,,,Afternoon
Evening,Evening,,,Evening
Day,Day,,,Day
Achievement unlocked,Achievement unlocked,,,Achievement unlocked
Delivered,Delivered,,,Delivered
Your progress was loaded; it applies when you return to the lobby,Your progress was loaded; it applies when you return to the lobby,,,Your progress was loaded; it applies when you return to the lobby
Zombies are coming,Zombies are coming,,,Zombies are coming
Survive the night,Survive the night,,,Survive the night
Already at full health,Already at full health,,,Already at full health
Bosses,Bosses,,,Bosses
Continue this run,Continue this run,,,Continue this run
Days survived,Days survived,,,Days survived
"Everything the game listens to, on every device","Everything the game listens to, on every device",,,"Everything the game listens to, on every device"
Fire lights the night and cooks what you find. Build one when you can.,Fire lights the night and cooks what you find. Build one when you can.,,,Fire lights the night and cooks what you find. Build one when you can.
Getting started,Getting started,,,Getting started
Got it,Got it,,,Got it
Nice.,Nice.,,,Nice.
Night came first,Night came first,,,Night came first
Reload,Reload,,,Reload
Skip,Skip,,,Skip
You have,You have,,,You have
You survived,You survived,,,You survived
You survived a day,You survived a day,,,You survived a day
You're already full,You're already full,,,You're already full
"Your level, skills, coins and packs stay with you.#Only this run's day counter goes back to 1.","Your level, skills, coins and packs stay with you.#Only this run's day counter goes back to 1.",,,"Your level, skills, coins and packs stay with you.#Only this run's day counter goes back to 1."
Zombies killed,Zombies killed,,,Zombies killed
days,days,,,days
